mean,std,min,max
1.8052480098866133,1.7124035103438617,-0.6333351324373931,1.6392685070950692
0.07220992039546453,0.11650343266871005,2.0369427232445885,0.08650352115140725
0.6741920420675189,0.7597720609019257,-0.6333351324373931,0.8610983639570288
-0.6887178287621578,-0.6485711251687226,0.4963978065049837,-0.4208275788274432
-0.7420721606597738,-0.6749321099338144,-0.6333351324373931,-1.225953076157091
-1.120859982927665,-1.2651757688119605,-0.6333351324373931,-0.9400897372189723
